Price,GBPUSD
Ticker,GBPUSD=X
Date,
2018-01-01,1.351607084274292
2018-01-02,1.3511322736740112
2018-01-03,1.359619379043579
2018-01-04,1.3511322736740112
2018-01-05,1.3552889823913574
2018-01-08,1.3575890064239502
2018-01-09,1.3571282625198364
2018-01-10,1.353234887123108
2018-01-11,1.351278305053711
2018-01-12,1.3541878461837769
2018-01-15,1.3733056783676147
2018-01-16,1.379824161529541
2018-01-17,1.3798813819885254
2018-01-18,1.382800817489624
2018-01-19,1.3894678354263306
2018-01-22,1.3891589641571045
2018-01-23,1.3984841108322144
2018-01-24,1.401738166809082
2018-01-25,1.4220906496047974
2018-01-26,1.4150274991989136
2018-01-29,1.4149274826049805
2018-01-30,1.4076577425003052
2018-01-31,1.4155884981155396
2018-02-01,1.420051097869873
2018-02-02,1.4266760349273682
2018-02-05,1.411133885383606
2018-02-06,1.3943694829940796
2018-02-07,1.395868182182312
2018-02-08,1.3879250288009644
2018-02-09,1.3934950828552246
2018-02-12,1.3827433586120605
2018-02-13,1.3852334022521973
2018-02-14,1.3886960744857788
2018-02-15,1.401581048965454
2018-02-16,1.4104173183441162
2018-02-19,1.4031543731689453
2018-02-20,1.3992668390274048
2018-02-21,1.4001091718673706
2018-02-22,1.3910139799118042
2018-02-23,1.3953033685684204
2018-02-26,1.3968042135238647
2018-02-27,1.3966480493545532
2018-02-28,1.3906078338623047
2018-03-01,1.375421166419983
2018-03-02,1.377543330192566
2018-03-05,1.3795006275177002
2018-03-06,1.3852334022521973
2018-03-07,1.390008568763733
2018-03-08,1.390627145767212
2018-03-09,1.3805670738220215
2018-03-12,1.38554048538208
2018-03-13,1.3907625675201416
2018-03-14,1.397233486175537
2018-03-15,1.3971552848815918
2018-03-16,1.3938642740249634
2018-03-19,1.3943500518798828
2018-03-20,1.4025245904922485
2018-03-21,1.4004818201065063
2018-03-22,1.414627194404602
2018-03-23,1.4114724397659302
2018-03-26,1.4147672653198242
2018-03-27,1.423892855644226
2018-03-28,1.417635440826416
2018-03-29,1.4080342054367065
2018-03-30,1.4029377698898315
2018-04-02,1.403823971748352
2018-04-03,1.4046719074249268
2018-04-04,1.4068654775619507
2018-04-05,1.4088078737258911
2018-04-06,1.400874137878418
2018-04-09,1.4091651439666748
2018-04-10,1.4138271808624268
2018-04-11,1.4182183742523193
2018-04-12,1.4189025163650513
2018-04-13,1.4238117933273315
2018-04-16,1.4246840476989746
2018-04-17,1.4342057704925537
2018-04-18,1.4296538829803467
2018-04-19,1.4204343557357788
2018-04-20,1.4086490869522095
2018-04-23,1.4001679420471191
2018-04-24,1.3938252925872803
2018-04-25,1.3993842601776123
2018-04-26,1.3939224481582642
2018-04-27,1.391943335533142
2018-04-30,1.37710702419281
2018-05-01,1.3772207498550415
2018-05-02,1.3609329462051392
2018-05-03,1.3573862314224243
2018-05-04,1.3572388887405396
2018-05-07,1.3531982898712158
2018-05-08,1.3570362329483032
2018-05-09,1.3553440570831299
2018-05-10,1.3544628620147705
2018-05-11,1.352338194847107
2018-05-14,1.355380892753601
2018-05-15,1.3562448024749756
2018-05-16,1.3500195741653442
2018-05-17,1.354830026626587
2018-05-18,1.3515340089797974
2018-05-21,1.3477089405059814
2018-05-22,1.3431833982467651
2018-05-23,1.3441040515899658
2018-05-24,1.3371307849884033
2018-05-25,1.3383476734161377
2018-05-28,1.3309022188186646
2018-05-29,1.3315579891204834
2018-05-30,1.3253810405731201
2018-05-31,1.328356385231018
2018-06-01,1.3289390802383423
2018-06-04,1.3356484174728394
2018-06-05,1.3316465616226196
2018-06-06,1.3406083583831787
2018-06-07,1.3421558141708374
2018-06-08,1.3419216871261597
2018-06-11,1.341381549835205
2018-06-12,1.3374348878860474
2018-06-13,1.3372559547424316
2018-06-14,1.3382760286331177
2018-06-15,1.3256621360778809
2018-06-18,1.3275099992752075
2018-06-19,1.3258730173110962
2018-06-20,1.317332148551941
2018-06-21,1.3175230026245117
2018-06-22,1.3247840404510498
2018-06-25,1.3262423276901245
2018-06-26,1.3278449773788452
2018-06-27,1.3221042156219482
2018-06-28,1.3120431900024414
2018-06-29,1.3075141906738281
2018-07-02,1.3207770586013794
2018-07-03,1.314405918121338
2018-07-04,1.3194352388381958
2018-07-05,1.3229262828826904
2018-07-06,1.3225764036178589
2018-07-09,1.329787254333496
2018-07-10,1.325556755065918
2018-07-11,1.3257324695587158
2018-07-12,1.3210039138793945
2018-07-13,1.3180439472198486
2018-07-16,1.3227688074111938
2018-07-17,1.3236442804336548
2018-07-18,1.3106160163879395
2018-07-19,1.3078221082687378
2018-07-20,1.3023037910461426
2018-07-23,1.3147169351577759
2018-07-24,1.3102725744247437
2018-07-25,1.3152183294296265
2018-07-26,1.3199577331542969
2018-07-27,1.3108737468719482
2018-07-30,1.3111830949783325
2018-07-31,1.3135426044464111
2018-08-01,1.3121638298034668
2018-08-02,1.3126115798950195
2018-08-03,1.3018121719360352
2018-08-06,1.3003562688827515
2018-08-07,1.2944984436035156
2018-08-08,1.2946659326553345
2018-08-09,1.2881617546081543
2018-08-10,1.2828407287597656
2018-08-13,1.2758845090866089
2018-08-14,1.2762752771377563
2018-08-15,1.271779179573059
2018-08-16,1.2693899869918823
2018-08-17,1.2714558839797974
2018-08-20,1.2747135162353516
2018-08-21,1.2804261445999146
2018-08-22,1.290555715560913
2018-08-23,1.2904725074768066
2018-08-24,1.281065821647644
2018-08-27,1.2860909700393677
2018-08-28,1.2896735668182373
2018-08-29,1.2867693901062012
2018-08-30,1.3035939931869507
2018-08-31,1.301100730895996
2018-09-03,1.292306900024414
2018-09-04,1.2869019508361816
2018-09-05,1.2858428955078125
2018-09-06,1.2914891242980957
2018-09-07,1.2925406694412231
2018-09-10,1.2930254936218262
2018-09-11,1.302643060684204
2018-09-12,1.3015578985214233
2018-09-13,1.3045463562011719
2018-09-14,1.311131477355957
2018-09-17,1.307326316833496
2018-09-18,1.3146305084228516
2018-09-19,1.3168463706970215
2018-09-20,1.3141123056411743
2018-09-21,1.327087163925171
2018-09-24,1.30804443359375
2018-09-25,1.311733365058899
2018-09-26,1.3179919719696045
2018-09-27,1.3172800540924072
2018-09-28,1.3078734874725342
2018-10-01,1.3039000034332275
2018-10-02,1.3043591976165771
2018-10-03,1.2981956005096436
2018-10-04,1.294062852859497
2018-10-05,1.3024225234985352
2018-10-08,1.31271493434906
2018-10-09,1.309311866760254
2018-10-10,1.3157029151916504
2018-10-11,1.3206725120544434
2018-10-12,1.3234164714813232
2018-10-15,1.3103927373886108
2018-10-16,1.315477967262268
2018-10-17,1.318721890449524
2018-10-18,1.3104442358016968
2018-10-19,1.3024225234985352
2018-10-22,1.3065404891967773
2018-10-23,1.2965964078903198
2018-10-24,1.2981280088424683
2018-10-25,1.2888258695602417
2018-10-26,1.2824623584747314
2018-10-29,1.2831040620803833
2018-10-30,1.2802459001541138
2018-10-31,1.2708903551101685
2018-11-01,1.276943564414978
2018-11-02,1.3003731966018677
2018-11-05,1.3005592823028564
2018-11-06,1.3058068752288818
2018-11-07,1.3112518787384033
2018-11-08,1.3128528594970703
2018-11-09,1.3066771030426025
2018-11-12,1.2938451766967773
2018-11-13,1.2857933044433594
2018-11-14,1.3014055490493774
2018-11-15,1.2986170053482056
2018-11-16,1.276650071144104
2018-11-19,1.2833181619644165
2018-11-20,1.2859750986099243
2018-11-21,1.2789195775985718
2018-11-22,1.277726650238037
2018-11-23,1.287597894668579
2018-11-26,1.2812299728393555
2018-11-27,1.2812299728393555
2018-11-28,1.2743724584579468
2018-11-29,1.2824130058288574
2018-11-30,1.2784454822540283
2018-12-03,1.2753475904464722
2018-12-04,1.2725884914398193
2018-12-05,1.2720541954040527
2018-12-06,1.2727665901184082
2018-12-07,1.2778573036193848
2018-12-10,1.2721028327941895
2018-12-11,1.2561235427856445
2018-12-12,1.2492972612380981
2018-12-13,1.2628655433654785
2018-12-14,1.2655024528503418
2018-12-17,1.2585581541061401
2018-12-18,1.2615749835968018
2018-12-19,1.2655024528503418
2018-12-20,1.262785792350769
2018-12-21,1.2669775485992432
2018-12-24,1.2648941278457642
2018-12-25,1.2710840702056885
2018-12-26,1.2688745260238647
2018-12-27,1.2648781538009644
2018-12-28,1.2646220922470093
2018-12-31,1.269357681274414
2019-01-01,1.2738043069839478
2019-01-02,1.2754288911819458
2019-01-03,1.2521913051605225
2019-01-04,1.2628813982009888
2019-01-07,1.2734960317611694
2019-01-08,1.278608798980713
2019-01-09,1.2737879753112793
2019-01-10,1.279967188835144
2019-01-11,1.2753963470458984
2019-01-14,1.2849836349487305
2019-01-15,1.2874983549118042
2019-01-16,1.2872166633605957
2019-01-17,1.2885768413543701
2019-01-18,1.2983977794647217
2019-01-21,1.2853471040725708
2019-01-22,1.2891747951507568
2019-01-23,1.2957731485366821
2019-01-24,1.308215618133545
2019-01-25,1.3121638298034668
2019-01-28,1.3208470344543457
2019-01-29,1.3160146474838257
2019-01-30,1.30804443359375
2019-01-31,1.3117163181304932
2019-02-01,1.3109424114227295
2019-02-04,1.3077365159988403
2019-02-05,1.3031013011932373
2019-02-06,1.2957228422164917
2019-02-07,1.2934435606002808
2019-02-08,1.2949174642562866
2019-02-11,1.293677806854248
2019-02-12,1.2864052057266235
2019-02-13,1.2892080545425415
2019-02-14,1.2856775522232056
2019-02-15,1.2798361778259277
2019-02-18,1.290555715560913
2019-02-19,1.2924071550369263
2019-02-20,1.3061310052871704
2019-02-21,1.30451238155365
2019-02-22,1.3041380643844604
2019-02-25,1.306557536125183
2019-02-26,1.31271493434906
2019-02-27,1.3258028030395508
2019-02-28,1.3318239450454712
2019-03-01,1.3264886140823364
2019-03-04,1.3239772319793701
2019-03-05,1.3178529739379883
2019-03-06,1.3156682252883911
2019-03-07,1.3182177543640137
2019-03-08,1.3092432022094727
2019-03-11,1.2988362312316895
2019-03-12,1.3248542547225952
2019-03-13,1.3066771030426025
2019-03-14,1.3285682201385498
2019-03-15,1.3258554935455322
2019-03-18,1.329716444015503
2019-03-19,1.326435923576355
2019-03-20,1.3271400928497314
2019-03-21,1.320533037185669
2019-03-22,1.313232183456421
2019-03-25,1.3206549882888794
2019-03-26,1.3215277194976807
2019-03-27,1.321143627166748
2019-03-28,1.3152703046798706
2019-03-29,1.30565345287323
2019-04-01,1.3022867441177368
2019-04-02,1.3068991899490356
2019-04-03,1.312766671180725
2019-04-04,1.3176966905593872
2019-04-05,1.3077024221420288
2019-04-08,1.3038150072097778
2019-04-09,1.306335687637329
2019-04-10,1.305721640586853
2019-04-11,1.3099292516708374
2019-04-12,1.3056023120880127
2019-04-15,1.3083868026733398
2019-04-16,1.3102725744247437
2019-04-17,1.3046314716339111
2019-04-18,1.3039339780807495
2019-04-19,1.2994438409805298
2019-04-22,1.299376368522644
2019-04-23,1.2981449365615845
2019-04-24,1.2938116788864136
2019-04-25,1.2904890775680542
2019-04-26,1.289607048034668
2019-04-29,1.2920230627059937
2019-04-30,1.2932428121566772
2019-05-01,1.3039849996566772
2019-05-02,1.3053126335144043
2019-05-03,1.3033220767974854
2019-05-06,1.3150626420974731
2019-05-07,1.3099292516708374
2019-05-08,1.3068820238113403
2019-05-09,1.3012022972106934
2019-05-10,1.3009653091430664
2019-05-13,1.3010668754577637
2019-05-14,1.2963106632232666
2019-05-15,1.2906556129455566
2019-05-16,1.2847524881362915
2019-05-17,1.2797706127166748
2019-05-20,1.2731555700302124
2019-05-21,1.2729123830795288
2019-05-23,1.2664159536361694
2019-05-24,1.2664639949798584
2019-05-27,1.2724751234054565
2019-05-28,1.2682307958602905
2019-05-29,1.2659670114517212
2019-05-30,1.2629451751708984
2019-05-31,1.2609704732894897
2019-06-03,1.2639508247375488
2019-06-04,1.2664159536361694
2019-06-05,1.2702767848968506
2019-06-06,1.2688584327697754
2019-06-07,1.269841194152832
2019-06-10,1.2722970247268677
2019-06-11,1.2691160440444946
2019-06-12,1.2724426984786987
2019-06-13,1.2693415880203247
2019-06-14,1.268005609512329
2019-06-17,1.2596044540405273
2019-06-18,1.2541544437408447
2019-06-19,1.2566603422164917
2019-06-20,1.2656625509262085
2019-06-21,1.2707933187484741
2019-06-24,1.2750873565673828
2019-06-25,1.2739664316177368
2019-06-26,1.2690677642822266
2019-06-27,1.269841194152832
2019-06-28,1.267748475074768
2019-07-01,1.2694543600082397
2019-07-02,1.2644623517990112
2019-07-03,1.25982666015625
2019-07-04,1.2582731246948242
2019-07-05,1.2583048343658447
2019-07-08,1.2525520324707031
2019-07-09,1.2516427040100098
2019-07-10,1.2458575963974
2019-07-11,1.2508130073547363
2019-07-12,1.2523481845855713
2019-07-15,1.2571974992752075
2019-07-16,1.251799464225769
2019-07-17,1.2412029504776
2019-07-18,1.2434717416763306
2019-07-19,1.2541857957839966
2019-07-22,1.2512825727462769
2019-07-23,1.2474894523620605
2019-07-24,1.243904948234558
2019-07-25,1.2485953569412231
2019-07-26,1.2453454732894897
2019-07-29,1.2376697063446045
2019-07-30,1.2217471599578857
2019-07-31,1.2161602973937988
2019-08-01,1.215376853942871
2019-08-02,1.2124298810958862
2019-08-05,1.215214490890503
2019-08-06,1.2158203125
2019-08-07,1.2169743776321411
2019-08-08,1.2143291234970093
2019-08-09,1.2143733501434326
2019-08-12,1.2021976709365845
2019-08-13,1.207875370979309
2019-08-14,1.2064181566238403
2019-08-15,1.2060399055480957
2019-08-16,1.209160566329956
2019-08-19,1.2161011695861816
2019-08-20,1.2131506204605103
2019-08-21,1.2162343263626099
2019-08-22,1.213224172592163
2019-08-23,1.2251899242401123
2019-08-26,1.2262415885925293
2019-08-27,1.222195029258728
2019-08-28,1.2283201217651367
2019-08-29,1.2218515872955322
2019-08-30,1.218650221824646
2019-09-02,1.21592378616333
2019-09-03,1.2066656351089478
2019-09-04,1.2090436220169067
2019-09-05,1.2248897552490234
2019-09-06,1.2323921918869019
2019-09-09,1.2283051013946533
2019-09-10,1.2345373630523682
2019-09-11,1.2354830503463745
2019-09-12,1.233471393585205
2019-09-13,1.2329391241073608
2019-09-16,1.2497344017028809
2019-09-17,1.2428536415100098
2019-09-18,1.2502655982971191
2019-09-19,1.247053861618042
2019-09-20,1.2525050640106201
2019-09-23,1.2471938133239746
2019-09-24,1.243456244468689
2019-09-25,1.2485953569412231
2019-09-26,1.2359564304351807
2019-09-27,1.2331976890563965
2019-09-30,1.2293167114257812
2019-10-01,1.2289994955062866
2019-10-02,1.2292261123657227
2019-10-03,1.230436086654663
2019-10-04,1.2342326641082764
2019-10-07,1.2334411144256592
2019-10-08,1.2288031578063965
2019-10-09,1.2219561338424683
2019-10-10,1.2212995290756226
2019-10-11,1.2433171272277832
2019-10-14,1.261899709701538
2019-10-15,1.2611771821975708
2019-10-16,1.2760635614395142
2019-10-17,1.2823801040649414
2019-10-18,1.286860466003418
2019-10-21,1.2900229692459106
2019-10-22,1.297168254852295
2019-10-23,1.2884771823883057
2019-10-24,1.2923235893249512
2019-10-25,1.2840267419815063
2019-10-28,1.283202886581421
2019-10-29,1.2857435941696167
2019-10-30,1.2866700887680054
2019-10-31,1.290172815322876
2019-11-01,1.2939623594284058
2019-11-04,1.2937614917755127
2019-11-05,1.2891582250595093
2019-11-06,1.288062334060669
2019-11-07,1.2856775522232056
2019-11-08,1.2779992818832397
2019-11-11,1.2796396017074585
2019-11-12,1.2858428955078125
2019-11-13,1.285214900970459
2019-11-14,1.2853800058364868
2019-11-15,1.2881784439086914
2019-11-18,1.2921231985092163
2019-11-19,1.2950851917266846
2019-11-20,1.2929502725601196
2019-11-21,1.2927078008651733
2019-11-22,1.2919896841049194
2019-11-25,1.2853471040725708
2019-11-26,1.289723515510559
2019-11-27,1.2860909700393677
2019-11-28,1.2929919958114624
2019-11-29,1.29128897190094
2019-12-02,1.29128897190094
2019-12-03,1.294062852859497
2019-12-04,1.2997816801071167
2019-12-05,1.311131477355957
2019-12-06,1.3158414363861084
2019-12-09,1.3139568567276
2019-12-10,1.314578652381897
2019-12-11,1.3131287097930908
2019-12-12,1.3200099468231201
2019-12-13,1.347527265548706
2019-12-16,1.335327386856079
2019-12-17,1.3272457122802734
2019-12-18,1.3122154474258423
2019-12-19,1.3087291717529297
2019-12-20,1.3017443418502808
2019-12-23,1.3005423545837402
2019-12-24,1.2944984436035156
2019-12-25,1.2934937477111816
2019-12-26,1.2973533868789673
2019-12-27,1.3002209663391113
2019-12-30,1.3091918230056763
2019-12-31,1.3113033771514893
2020-01-01,1.326259970664978
2020-01-02,1.3250298500061035
2020-01-03,1.3152703046798706
2020-01-06,1.308010220527649
2020-01-07,1.317002534866333
2020-01-08,1.31137216091156
2020-01-09,1.3105130195617676
2020-01-10,1.3070186376571655
2020-01-13,1.3045634031295776
2020-01-14,1.2988194227218628
2020-01-15,1.3022528886795044
2020-01-16,1.3041210174560547
2020-01-17,1.3078734874725342
2020-01-20,1.3007283210754395
2020-01-21,1.3005592823028564
2020-01-22,1.3048017024993896
2020-01-23,1.3144749402999878
2020-01-24,1.311991572380066
2020-01-27,1.3061821460723877
2020-01-28,1.3060115575790405
2020-01-29,1.3024563789367676
2020-01-30,1.3022021055221558
2020-01-31,1.3089004755020142
2020-02-03,1.31816565990448
2020-02-04,1.2997479438781738
2020-02-05,1.3032711744308472
2020-02-06,1.2997140884399414
2020-02-07,1.2930254936218262
2020-02-10,1.2891582250595093
2020-02-11,1.2918227910995483
2020-02-12,1.2956557273864746
2020-02-13,1.295756459236145
2020-02-14,1.3046824932098389
2020-02-17,1.3052955865859985
2020-02-18,1.3008975982666016
2020-02-19,1.3002209663391113
2020-02-20,1.2928247451782227
2020-02-21,1.2883278131484985
2020-02-24,1.29537034034729
2020-02-25,1.292657732963562
2020-02-26,1.3003394603729248
2020-02-27,1.2906889915466309
2020-02-28,1.2888922691345215
2020-03-02,1.2807048559188843
2020-03-03,1.2767152786254883
2020-03-04,1.2820841073989868
2020-03-05,1.2874983549118042
2020-03-06,1.295068383216858
2020-03-09,1.3099292516708374
2020-03-10,1.3075313568115234
2020-03-11,1.2909722328186035
2020-03-12,1.2818212509155273
2020-03-13,1.257023572921753
2020-03-16,1.2399870157241821
2020-03-17,1.2266627550125122
2020-03-18,1.2121652364730835
2020-03-19,1.1625338792800903
2020-03-20,1.149438500404358
2020-03-23,1.162304162979126
2020-03-24,1.1595547199249268
2020-03-25,1.1792036294937134
2020-03-26,1.1851149797439575
2020-03-27,1.2200626134872437
2020-03-30,1.245319128036499
2020-03-31,1.2371643781661987
2020-04-01,1.2408487796783447
2020-04-02,1.238236665725708
2020-04-03,1.2394952774047852
2020-04-06,1.2220158576965332
2020-04-07,1.2240501642227173
2020-04-08,1.2338672876358032
2020-04-09,1.23931086063385
2020-04-10,1.2454850673675537
2020-04-13,1.2461059093475342
2020-04-14,1.2523951530456543
2020-04-15,1.26262629032135
2020-04-16,1.252097249031067
2020-04-17,1.2487823963165283
2020-04-20,1.248751163482666
2020-04-21,1.2442762851715088
2020-04-22,1.2298610210418701
2020-04-23,1.2323921918869019
2020-04-24,1.235223650932312
2020-04-27,1.2366595268249512
2020-04-28,1.2422668933868408
2020-04-29,1.2435646057128906
2020-04-30,1.2471472024917603
2020-05-01,1.2581465244293213
2020-05-04,1.2454230785369873
2020-05-05,1.244555115699768
2020-05-06,1.2444202899932861
2020-05-07,1.232559323310852
2020-05-08,1.237593173980713
2020-05-11,1.2417423725128174
2020-05-12,1.2333498001098633
2020-05-13,1.2254902124404907
2020-05-14,1.224155068397522
2020-05-15,1.2233912944793701
2020-05-18,1.2085760831832886
2020-05-19,1.2200031280517578
2020-05-20,1.2255953550338745
2020-05-21,1.2236906290054321
2020-05-22,1.2223445177078247
2020-05-25,1.218605637550354
2020-05-26,1.220137119293213
2020-05-27,1.23350191116333
2020-05-28,1.2264822721481323
2020-05-29,1.2321492433547974
2020-06-01,1.2347996234893799
2020-06-02,1.248704433441162
2020-06-03,1.2581465244293213
2020-06-04,1.2575136423110962
2020-06-05,1.2609069347381592
2020-06-08,1.2725722789764404
2020-06-09,1.2735283374786377
2020-06-10,1.2711325883865356
2020-06-11,1.2710679769515991
2020-06-12,1.257703423500061
2020-06-15,1.2508755922317505
2020-06-16,1.2637752294540405
2020-06-17,1.258510708808899
2020-06-18,1.2552721500396729
2020-06-19,1.2426837682724
2020-06-22,1.234811782836914
2020-06-23,1.250156283378601
2020-06-24,1.2524893283843994
2020-06-25,1.2412954568862915
2020-06-26,1.2425447702407837
2020-06-29,1.2342174053192139
2020-06-30,1.2310571670532227
2020-07-01,1.2389271259307861
2020-07-02,1.2464786767959595
2020-07-03,1.2466403245925903
2020-07-06,1.247551679611206
2020-07-07,1.249547004699707
2020-07-08,1.2542802095413208
2020-07-09,1.2613521814346313
2020-07-10,1.2605094909667969
2020-07-13,1.2627506256103516
2020-07-14,1.255177617073059
2020-07-15,1.25692880153656
2020-07-16,1.2591001987457275
2020-07-17,1.2559500932693481
2020-07-20,1.2571184635162354
2020-07-21,1.266175389289856
2020-07-22,1.2730745077133179
2020-07-23,1.2729934453964233
2020-07-24,1.2730745077133179
2020-07-27,1.2795906066894531
2020-07-28,1.2889753580093384
2020-07-29,1.292373776435852
2020-07-30,1.298246145248413
2020-07-31,1.311785101890564
2020-08-03,1.3101695775985718
2020-08-04,1.3078734874725342
2020-08-05,1.3086093664169312
2020-08-06,1.3126804828643799
2020-08-07,1.3138015270233154
2020-08-10,1.3052273988723755
2020-08-11,1.3077194690704346
2020-08-12,1.3050740957260132
2020-08-13,1.3048017024993896
2020-08-14,1.3070528507232666
2020-08-17,1.3107001781463623
2020-08-18,1.3107877969741821
2020-08-19,1.325398564338684
2020-08-20,1.311079978942871
2020-08-21,1.3220343589782715
2020-08-24,1.3094146251678467
2020-08-25,1.307138204574585
2020-08-26,1.3152183294296265
2020-08-27,1.3219819068908691
2020-08-28,1.3199577331542969
2020-08-31,1.3356484174728394
2020-09-01,1.3364516496658325
2020-09-02,1.339943766593933
2020-09-03,1.335131287574768
2020-09-04,1.3262248039245605
2020-09-07,1.3245735168457031
2020-09-08,1.3162224292755127
2020-09-09,1.2968486547470093
2020-09-10,1.2999167442321777
2020-09-11,1.2808295488357544
2020-09-14,1.2806557416915894
2020-09-15,1.2849671840667725
2020-09-16,1.2884771823883057
2020-09-17,1.2959998846054077
2020-09-18,1.2975554466247559
2020-09-21,1.2932761907577515
2020-09-22,1.2820513248443604
2020-09-23,1.2744048833847046
2020-09-24,1.2717468738555908
2020-09-25,1.2757054567337036
2020-09-28,1.2766826152801514
2020-09-29,1.2873492240905762
2020-09-30,1.2866535186767578
2020-10-01,1.2917560338974
2020-10-02,1.2886265516281128
2020-10-05,1.2931090593338013
2020-10-06,1.2992581129074097
2020-10-07,1.2883278131484985
2020-10-08,1.2917560338974
2020-10-09,1.29404616355896
2020-10-12,1.3031693696975708
2020-10-13,1.3065747022628784
2020-10-14,1.2935272455215454
2020-10-15,1.3012362718582153
2020-10-16,1.2902060747146606
2020-10-19,1.2927746772766113
2020-10-20,1.2948671579360962
2020-10-21,1.2954038381576538
2020-10-22,1.3131976127624512
2020-10-23,1.307805061340332
2020-10-26,1.3054660558700562
2020-10-27,1.301574945449829
2020-10-28,1.303186297416687
2020-10-29,1.2989881038665771
2020-10-30,1.2931926250457764
2020-11-02,1.2926744222640991
2020-11-03,1.2923903465270996
2020-11-04,1.3121638298034668
2020-11-05,1.2966804504394531
2020-11-06,1.3139395713806152
2020-11-09,1.318061351776123
2020-11-10,1.3169677257537842
2020-11-11,1.3261544704437256
2020-11-12,1.3224189281463623
2020-11-13,1.3121638298034668
2020-11-16,1.3220518827438354
2020-11-17,1.322209119796753
2020-11-18,1.3259083032608032
2020-11-19,1.325644612312317
2020-11-20,1.3249244689941406
2020-11-23,1.3305126428604126
2020-11-24,1.332906723022461
2020-11-25,1.3363267183303833
2020-11-26,1.3385447263717651
2020-11-27,1.3354523181915283
2020-11-30,1.333191156387329
2020-12-01,1.3336889743804932
2020-12-02,1.3422638177871704
2020-12-03,1.3370771408081055
2020-12-04,1.345496654510498
2020-12-07,1.3417415618896484
2020-12-08,1.3357375860214233
2020-12-09,1.3365589380264282
2020-12-10,1.3367018699645996
2020-12-11,1.3305658102035522
2020-12-14,1.3318239450454712
2020-12-15,1.3330844640731812
2020-12-16,1.3444474935531616
2020-12-17,1.3502929210662842
2020-12-18,1.3570178747177124
2020-12-21,1.3401951789855957
2020-12-22,1.3449536561965942
2020-12-23,1.339943766593933
2020-12-24,1.3505300283432007
2020-12-25,1.3552008867263794
2020-12-28,1.3572388887405396
2020-12-29,1.3466018438339233
2020-12-30,1.3499903678894043
2020-12-31,1.36306631565094
2021-01-01,1.3673007488250732
2021-01-04,1.3684196472167969
2021-01-05,1.3571596145629883
2021-01-06,1.3629549741744995
2021-01-07,1.3625277280807495
2021-01-08,1.3569625616073608
2021-01-11,1.3516253232955933
2021-01-12,1.3524113893508911
2021-01-13,1.3670539855957031
2021-01-14,1.364926815032959
2021-01-15,1.3683634996414185
2021-01-18,1.357533574104309
2021-01-19,1.3581236600875854
2021-01-20,1.3644241094589233
2021-01-21,1.3668484687805176
2021-01-22,1.3729474544525146
2021-01-25,1.3688204288482666
2021-01-26,1.3678992986679077
2021-01-27,1.374154806137085
2021-01-28,1.3669419288635254
2021-01-29,1.3725008964538574
2021-02-01,1.3697690963745117
2021-02-02,1.3678767681121826
2021-02-03,1.3659336566925049
2021-02-04,1.364908218383789
2021-02-05,1.3676148653030396
2021-02-08,1.3738716840744019
2021-02-09,1.374570369720459
2021-02-10,1.3817994594573975
2021-02-11,1.3832597732543945
2021-02-12,1.381024718284607
2021-02-15,1.3871549367904663
2021-02-16,1.3914785385131836
2021-02-17,1.388811707496643
2021-02-18,1.3866355419158936
2021-02-19,1.3967455625534058
2021-02-22,1.403114914894104
2021-02-23,1.4071228504180908
2021-02-24,1.412030577659607
2021-02-25,1.4148274660110474
2021-02-26,1.4008152484893799
2021-03-01,1.3972529172897339
2021-03-02,1.3929517269134521
2021-03-03,1.3954981565475464
2021-03-04,1.3926994800567627
2021-03-05,1.3894098997116089
2021-03-08,1.385367751121521
2021-03-09,1.3823610544204712
2021-03-10,1.3890432119369507
2021-03-11,1.3931456804275513
2021-03-12,1.3989927768707275
2021-03-15,1.3929517269134521
2021-03-16,1.3899120092391968
2021-03-17,1.3902212381362915
2021-03-18,1.3975849151611328
2021-03-19,1.3925055265426636
2021-03-22,1.3832597732543945
2021-03-23,1.3862512111663818
2021-03-24,1.3730417490005493
2021-03-25,1.3688879013061523
2021-03-26,1.374910593032837
2021-03-29,1.3791011571884155
2021-03-30,1.3775053024291992
2021-03-31,1.3746649026870728
2021-04-01,1.3786258697509766
2021-04-02,1.383508563041687
2021-04-05,1.383125901222229
2021-04-06,1.3914011716842651
2021-04-07,1.383125901222229
2021-04-08,1.3743815422058105
2021-04-09,1.373437762260437
2021-04-12,1.3712154626846313
2021-04-13,1.3753834962844849
2021-04-14,1.3759700059890747
2021-04-15,1.3779228925704956
2021-04-16,1.3785498142242432
2021-04-19,1.3818453550338745
2021-04-20,1.3993842601776123
2021-04-21,1.3938837051391602
2021-04-22,1.3931845426559448
2021-04-23,1.3840255737304688
2021-04-26,1.3866355419158936
2021-04-27,1.3895643949508667
2021-04-28,1.390356421470642
2021-04-29,1.395673394203186
2021-04-30,1.3952839374542236
2021-05-03,1.3819791078567505
2021-05-04,1.3903758525848389
2021-05-05,1.388811707496643
2021-05-06,1.3909753561019897
2021-05-07,1.389854073524475
2021-05-10,1.4041197299957275
2021-05-11,1.4131278991699219
2021-05-12,1.4138271808624268
2021-05-13,1.4063708782196045
2021-05-14,1.4050863981246948
2021-05-17,1.4101786613464355
2021-05-18,1.4148674011230469
2021-05-19,1.41880202293396
2021-05-20,1.4106162786483765
2021-05-21,1.4185603857040405
2021-05-24,1.4142870903015137
2021-05-25,1.415608525276184
2021-05-26,1.4143872261047363
2021-05-27,1.4116119146347046
2021-05-28,1.4203739166259766
2021-05-31,1.4180374145507812
2021-06-01,1.4226775169372559
2021-06-02,1.4157087802886963
2021-06-03,1.4171934127807617
2021-06-04,1.4109944105148315
2021-06-07,1.4164307117462158
2021-06-08,1.41765558719635
2021-06-09,1.414987564086914
2021-06-10,1.4112334251403809
2021-06-11,1.4170126914978027
2021-06-14,1.411930799484253
2021-06-15,1.4109944105148315
2021-06-16,1.4081531763076782
2021-06-17,1.3990709781646729
2021-06-18,1.3938642740249634
2021-06-21,1.381711721420288
2021-06-22,1.392540454864502
2021-06-23,1.3949919939041138
2021-06-24,1.3967455625534058
2021-06-25,1.3916915655136108
2021-06-28,1.389506459236145
2021-06-29,1.3879058361053467
2021-06-30,1.3842746019363403
2021-07-01,1.3829153776168823
2021-07-02,1.3759511709213257
2021-07-05,1.383125901222229
2021-07-06,1.3856172561645508
2021-07-07,1.3805670738220215
2021-07-08,1.3801099061965942
2021-07-09,1.3790820837020874
2021-07-12,1.3899506330490112
2021-07-13,1.3886960744857788
2021-07-14,1.3806052207946777
2021-07-15,1.385809302330017
2021-07-16,1.3829728364944458
2021-07-19,1.3763866424560547
2021-07-20,1.3669979572296143
2021-07-21,1.3633265495300293
2021-07-22,1.3714035749435425
2021-07-23,1.377389669418335
2021-07-26,1.3757808208465576
2021-07-27,1.3829153776168823
2021-07-28,1.3882719278335571
2021-07-29,1.3906852006912231
2021-07-30,1.3964334726333618
2021-08-02,1.3896223306655884
2021-08-03,1.3892748355865479
2021-08-04,1.391788363456726
2021-08-05,1.3890432119369507
2021-08-06,1.3927576541900635
2021-08-09,1.3868471384048462
2021-08-10,1.3849073648452759
2021-08-11,1.3836042881011963
2021-08-12,1.3866932392120361
2021-08-13,1.3811582326889038
2021-08-16,1.3863856792449951
2021-08-17,1.3842746019363403
2021-08-18,1.3740416765213013
2021-08-19,1.3743815422058105
2021-08-20,1.3630849123001099
2021-08-23,1.3625277280807495
2021-08-24,1.37247633934021
2021-08-25,1.3725517988204956
2021-08-26,1.3766520023345947
2021-08-27,1.3702384233474731
2021-08-30,1.3762996196746826
2021-08-31,1.376045823097229
2021-09-01,1.3753398656845093
2021-09-02,1.3771638870239258
2021-09-03,1.383680820465088
2021-09-06,1.3859245777130127
2021-09-07,1.3839489221572876
2021-09-08,1.3779798746109009
2021-09-09,1.3767657279968262
2021-09-10,1.3839681148529053
2021-09-13,1.3840830326080322
2021-09-14,1.3838149309158325
2021-09-15,1.381024718284607
2021-09-16,1.3848881721496582
2021-09-17,1.3797005414962769
2021-09-20,1.3729662895202637
2021-09-21,1.366269588470459
2021-09-22,1.3657469749450684
2021-09-23,1.3617113828659058
2021-09-24,1.3722503185272217
2021-09-27,1.3669044971466064
2021-09-28,1.3701633214950562
2021-09-29,1.354224443435669
2021-09-30,1.3426424264907837
2021-10-01,1.346982717514038
2021-10-04,1.3570915460586548
2021-10-05,1.3607479333877563
2021-10-06,1.3627691268920898
2021-10-07,1.3592127561569214
2021-10-08,1.3620266914367676
2021-10-11,1.361655831336975
2021-10-12,1.3590649366378784
2021-10-13,1.3578838109970093
2021-10-14,1.366923213005066
2021-10-15,1.3668859004974365
2021-10-18,1.376159429550171
2021-10-19,1.373645305633545
2021-10-20,1.3793197870254517
2021-10-21,1.3822999000549316
2021-10-22,1.379120111465454
2021-10-25,1.3762730360031128
2021-10-26,1.37644362449646
2021-10-27,1.3766140937805176
2021-10-28,1.3732868432998657
2021-10-29,1.380071759223938
2021-11-01,1.36832594871521
2021-11-02,1.365541934967041
2021-11-03,1.3617392778396606
2021-11-04,1.3694878816604614
2021-11-05,1.3508602380752563
2021-11-08,1.349127173423767
2021-11-09,1.3564507961273193
2021-11-10,1.3560001850128174
2021-11-11,1.3412736654281616
2021-11-12,1.3366482257843018
2021-11-15,1.341705560684204
2021-11-16,1.3408420085906982
2021-11-17,1.3424620628356934
2021-11-18,1.34916353225708
2021-11-19,1.3499648571014404
2021-11-22,1.3434540033340454
2021-11-23,1.3397642374038696
2021-11-24,1.337595820426941
2021-11-25,1.333066701889038
2021-11-26,1.331416130065918
2021-11-29,1.334098219871521
2021-11-30,1.3315047025680542
2021-12-01,1.3295927047729492
2021-12-02,1.3280000686645508
2021-12-03,1.3299994468688965
2021-12-06,1.3237318992614746
2021-12-07,1.326435923576355
2021-12-08,1.3246086835861206
2021-12-09,1.3210039138793945
2021-12-10,1.3224014043807983
2021-12-13,1.3257148265838623
2021-12-14,1.3213530778884888
2021-12-15,1.323050618171692
2021-12-16,1.3263126611709595
2021-12-17,1.3323739767074585
2021-12-20,1.3229438066482544
2021-12-21,1.3210004568099976
2021-12-22,1.3269639015197754
2021-12-23,1.3352025747299194
2021-12-24,1.3406623601913452
2021-12-27,1.3404303789138794
2021-12-28,1.344266653060913
2021-12-29,1.3433277606964111
2021-12-30,1.349879264831543
2021-12-31,1.349837303161621
2022-01-03,1.3522284030914307
2022-01-04,1.3483266830444336
2022-01-05,1.353143334388733
2022-01-06,1.3555645942687988
2022-01-07,1.353363037109375
2022-01-10,1.3592311143875122
2022-01-11,1.3580313920974731
2022-01-12,1.3633265495300293
2022-01-13,1.3709993362426758
2022-01-14,1.3713659048080444
2022-01-17,1.367353081703186
2022-01-18,1.364800214767456
2022-01-19,1.3600261211395264
2022-01-20,1.3608589172363281
2022-01-21,1.359767198562622
2022-01-24,1.3555830717086792
2022-01-25,1.3489269018173218
2022-01-26,1.3510775566101074
2022-01-27,1.3468012809753418
2022-01-28,1.3388315439224243
2022-01-31,1.3403388261795044
2022-02-01,1.3445378541946411
2022-02-02,1.352539300918579
2022-02-03,1.3565024137496948
2022-02-04,1.359841227531433
2022-02-07,1.3533447980880737
2022-02-08,1.353780746459961
2022-02-09,1.3547565937042236
2022-02-10,1.3533265590667725
2022-02-11,1.3551788330078125
2022-02-14,1.3569625616073608
2022-02-15,1.3532898426055908
2022-02-16,1.3541145324707031
2022-02-17,1.3584926128387451
2022-02-18,1.3618782758712769
2022-02-21,1.359342098236084
2022-02-22,1.3596007823944092
2022-02-23,1.3589357137680054
2022-02-24,1.3545730113983154
2022-02-25,1.337327480316162
2022-02-28,1.337327480316162
2022-03-01,1.3422818183898926
2022-03-02,1.3335111141204834
2022-03-03,1.33969247341156
2022-03-04,1.3350956439971924
2022-03-07,1.3212482929229736
2022-03-08,1.3112295866012573
2022-03-09,1.3099292516708374
2022-03-10,1.3185653686523438
2022-03-11,1.3103240728378296
2022-03-14,1.3050298690795898
2022-03-15,1.3011853694915771
2022-03-16,1.304648518562317
2022-03-17,1.3141123056411743
2022-03-18,1.3160406351089478
2022-03-21,1.3160839080810547
2022-03-22,1.3168290853500366
2022-03-23,1.3266470432281494
2022-03-24,1.3206027746200562
2022-03-25,1.3195745944976807
2022-03-28,1.317627191543579
2022-03-29,1.3103584051132202
2022-03-30,1.3093804121017456
2022-03-31,1.3138878345489502
2022-04-01,1.314699649810791
2022-04-04,1.3103755712509155
2022-04-05,1.3114582300186157
2022-04-06,1.3077365159988403
2022-04-07,1.307206630706787
2022-04-08,1.3069332838058472
2022-04-11,1.303220272064209
2022-04-12,1.3024225234985352
2022-04-13,1.3002548217773438
2022-04-14,1.312026023864746
2022-04-15,1.3070015907287598
2022-04-18,1.3057557344436646
2022-04-19,1.3009822368621826
2022-04-20,1.301371693611145
2022-04-21,1.3068820238113403
2022-04-22,1.302626132965088
2022-04-25,1.2830876111984253
2022-04-26,1.2739989757537842
2022-04-27,1.2583998441696167
2022-04-28,1.2541857957839966
2022-04-29,1.2463854551315308
2022-05-02,1.2573871612548828
2022-05-03,1.2498282194137573
2022-05-04,1.2500405311584473
2022-05-05,1.261813759803772
2022-05-06,1.2364147901535034
2022-05-09,1.2326656579971313
2022-05-10,1.2338824272155762
2022-05-11,1.2309207916259766
2022-05-12,1.2234212160110474
2022-05-13,1.220613718032837
2022-05-16,1.2258507013320923
2022-05-17,1.2324832677841187
2022-05-18,1.2484394311904907
2022-05-19,1.2345831394195557
2022-05-20,1.2462146282196045
2022-05-23,1.2504063844680786
2022-05-24,1.256754994392395
2022-05-25,1.2542959451675415
2022-05-26,1.258610486984253
2022-05-27,1.261734127998352
2022-05-30,1.262833595275879
2022-05-31,1.2647020816802979
2022-06-01,1.2608909606933594
2022-06-02,1.2483147382736206
2022-06-03,1.2579249143600464
2022-06-06,1.249230146408081
2022-06-07,1.2523481845855713
2022-06-08,1.2587324380874634
2022-06-09,1.254028558731079
2022-06-10,1.2492972612380981
2022-06-13,1.2274909019470215
2022-06-14,1.2144765853881836
2022-06-15,1.201258897781372
2022-06-16,1.2174336910247803
2022-06-17,1.2354830503463745
2022-06-20,1.2228227853775024
2022-06-21,1.225174903869629
2022-06-22,1.2266627550125122
2022-06-23,1.225084900856018
2022-06-24,1.2260762453079224
2022-06-27,1.228244662284851
2022-06-28,1.2267379760742188
2022-06-29,1.2189769744873047
2022-06-30,1.2131799459457397
2022-07-01,1.2160863876342773
2022-07-04,1.2102727890014648
2022-07-05,1.211445689201355
2022-07-06,1.19491446018219
2022-07-07,1.1923214197158813
2022-07-08,1.2028049230575562
2022-07-11,1.2016630172729492
2022-07-12,1.1900936365127563
2022-07-13,1.1877753734588623
2022-07-14,1.186380386352539
2022-07-15,1.1839643716812134
2022-07-18,1.1888344287872314
2022-07-19,1.194828748703003
2022-07-20,1.2003505229949951
2022-07-21,1.1971746683120728
2022-07-22,1.1996161937713623
2022-07-25,1.1986957788467407
2022-07-26,1.2055164575576782
2022-07-27,1.2036880254745483
2022-07-28,1.2163082361221313
2022-07-29,1.2173447608947754
2022-08-01,1.2167373895645142
2022-08-02,1.2254151105880737
2022-08-03,1.2142995595932007
2022-08-04,1.2138278484344482
2022-08-05,1.215849757194519
2022-08-08,1.2059526443481445
2022-08-09,1.208473801612854
2022-08-10,1.207423210144043
2022-08-11,1.2212995290756226
2022-08-12,1.2196162939071655
2022-08-15,1.2127974033355713
2022-08-16,1.205690860748291
2022-08-17,1.209818959236145
2022-08-18,1.2045146226882935
2022-08-19,1.193274736404419
2022-08-22,1.1818095445632935
2022-08-23,1.1766505241394043
2022-08-24,1.18327796459198
2022-08-25,1.1791757345199585
2022-08-26,1.1824007034301758
2022-08-29,1.1694538593292236
2022-08-30,1.172250509262085
2022-08-31,1.1659767627716064
2022-09-01,1.1598505973815918
2022-09-02,1.154894471168518
2022-09-05,1.1474601030349731
2022-09-06,1.156644344329834
2022-09-07,1.151185154914856
2022-09-08,1.1519808769226074
2022-09-09,1.1521600484848022
2022-09-12,1.1619395017623901
2022-09-13,1.1689754724502563
2022-09-14,1.1506155729293823
2022-09-15,1.1544944047927856
2022-09-16,1.1452654600143433
2022-09-19,1.1433144807815552
2022-09-20,1.1443217992782593
2022-09-21,1.138057827949524
2022-09-22,1.1255937814712524
2022-09-23,1.126417875289917
2022-09-26,1.0797386169433594
2022-09-27,1.077284336090088
2022-09-28,1.072754144668579
2022-09-29,1.0835996866226196
2022-09-30,1.1169440746307373
2022-10-03,1.114057183265686
2022-10-04,1.1334141492843628
2022-10-05,1.1451343297958374
2022-10-06,1.13553786277771
2022-10-07,1.1162084341049194
2022-10-10,1.1072726249694824
2022-10-11,1.1076405048370361
2022-10-12,1.0967799425125122
2022-10-13,1.11055588722229
2022-10-14,1.1303905248641968
2022-10-17,1.124416708946228
2022-10-18,1.1353960037231445
2022-10-19,1.134429931640625
2022-10-20,1.1211013793945312
2022-10-21,1.1221455335617065
2022-10-24,1.1344685554504395
2022-10-25,1.1307740211486816
2022-10-26,1.146223783493042
2022-10-27,1.1638191938400269
2022-10-28,1.1566041707992554
2022-10-31,1.159595012664795
2022-11-01,1.146815299987793
2022-11-02,1.1489498615264893
2022-11-03,1.1384334564208984
2022-11-04,1.1171187162399292
2022-11-07,1.1331573724746704
2022-11-08,1.1517950296401978
2022-11-09,1.1552680730819702
2022-11-10,1.1368157863616943
2022-11-11,1.1695632934570312
2022-11-14,1.1799131631851196
2022-11-15,1.175249695777893
2022-11-16,1.1880435943603516
2022-11-17,1.191525936126709
2022-11-18,1.1860145330429077
2022-11-21,1.1886366605758667
2022-11-22,1.1827600002288818
2022-11-23,1.1894567012786865
2022-11-24,1.2073503732681274
2022-11-25,1.2113430500030518
2022-11-28,1.2054728269577026
2022-11-29,1.1960291862487793
2022-11-30,1.1946860551834106
2022-12-01,1.207749843597412
2022-12-02,1.2259259223937988
2022-12-05,1.2297248840332031
2022-12-06,1.2192445993423462
2022-12-07,1.2133007049560547
2022-12-08,1.2212398052215576
2022-12-09,1.2236007452011108
2022-12-12,1.2239153385162354
2022-12-13,1.2270842790603638
2022-12-14,1.235666275024414
2022-12-15,1.2419428825378418
2022-12-16,1.2189176082611084
2022-12-19,1.2160272598266602
2022-12-20,1.2153326272964478
2022-12-21,1.2189176082611084
2022-12-22,1.2077397108078003
2022-12-23,1.203992486000061
2022-12-26,1.206000566482544
2022-12-27,1.2084153890609741
2022-12-28,1.2027326822280884
2022-12-29,1.2028483152389526
2022-12-30,1.2056326866149902
2023-01-02,1.2120330333709717
2023-01-03,1.206287145614624
2023-01-04,1.1969740390777588
2023-01-05,1.2057054042816162
2023-01-06,1.1912277936935425
2023-01-09,1.2116365432739258
2023-01-10,1.2184869050979614
2023-01-11,1.2154507637023926
2023-01-12,1.2159533500671387
2023-01-13,1.2217769622802734
2023-01-16,1.2226732969284058
2023-01-17,1.2207776308059692
2023-01-18,1.228471040725708
2023-01-19,1.2347661256790161
2023-01-20,1.2393262386322021
2023-01-23,1.240633249282837
2023-01-24,1.2379761934280396
2023-01-25,1.232923984527588
2023-01-26,1.2412492036819458
2023-01-27,1.2415266036987305
2023-01-30,1.2400301694869995
2023-01-31,1.2353609800338745
2023-02-01,1.2308903932571411
2023-02-02,1.2390038967132568
2023-02-03,1.222299575805664
2023-02-06,1.2045146226882935
2023-02-07,1.2026747465133667
2023-02-08,1.2054582834243774
2023-02-09,1.2071462869644165
2023-02-10,1.2116806507110596
2023-02-13,1.2052258253097534
2023-02-14,1.215214490890503
2023-02-15,1.2174336910247803
2023-02-16,1.2039779424667358
2023-02-17,1.197533130645752
2023-02-20,1.2029786109924316
2023-02-21,1.2039200067520142
2023-02-22,1.2109322547912598
2023-02-23,1.204993486404419
2023-02-24,1.2017786502838135
2023-02-27,1.1952428817749023
2023-02-28,1.2061562538146973
2023-03-01,1.2033549547195435
2023-03-02,1.2029930353164673
2023-03-03,1.1951572895050049
2023-03-06,1.2028483152389526
2023-03-07,1.2026457786560059
2023-03-08,1.1827740669250488
2023-03-09,1.1850166320800781
2023-03-10,1.192250370979309
2023-03-13,1.2079336643218994
2023-03-14,1.2171372175216675
2023-03-15,1.215214490890503
2023-03-16,1.20692777633667
2023-03-17,1.2110495567321777
2023-03-20,1.2187690734863281
2023-03-21,1.2276264429092407
2023-03-22,1.2225087881088257
2023-03-23,1.227973222732544
2023-03-24,1.228154182434082
2023-03-27,1.2246003150939941
2023-03-28,1.229755163192749
2023-03-29,1.2330456972122192
2023-03-30,1.2313603162765503
2023-03-31,1.2387275695800781
2023-04-03,1.228697419166565
2023-04-04,1.2423131465911865
2023-04-05,1.249843716621399
2023-04-06,1.2463078498840332
2023-04-07,1.243900179862976
2023-04-10,1.2431625127792358
2023-04-11,1.239218831062317
2023-04-12,1.2431007623672485
2023-04-13,1.2492660284042358
2023-04-14,1.2525300979614258
2023-04-17,1.2400178909301758
2023-04-18,1.2375471591949463
2023-04-19,1.2425447702407837
2023-04-20,1.2428845167160034
2023-04-21,1.2440905570983887
2023-04-24,1.2449734210968018
2023-04-25,1.25
2023-04-26,1.2414803504943848
2023-04-27,1.2471472024917603
2023-04-28,1.249750018119812
2023-05-01,1.2557607889175415
2023-05-02,1.2485953569412231
2023-05-03,1.2476606369018555
2023-05-04,1.256897211074829
2023-05-05,1.2583364248275757
2023-05-08,1.2630568742752075
2023-05-09,1.2612725496292114
2023-05-10,1.2624667882919312
2023-05-11,1.2626996040344238
2023-05-12,1.2508130073547363
2023-05-15,1.2450973987579346
2023-05-16,1.2525207996368408
2023-05-17,1.2484394311904907
2023-05-18,1.2482805252075195
2023-05-19,1.2412338256835938
2023-05-22,1.2461059093475342
2023-05-23,1.243440866470337
2023-05-24,1.2417269945144653
2023-05-25,1.2371032238006592
2023-05-26,1.2318304777145386
2023-05-29,1.2346898317337036
2023-05-30,1.234933853149414
2023-05-31,1.241187572479248
2023-06-01,1.244694471359253
2023-06-02,1.2525991201400757
2023-06-05,1.2430236339569092
2023-06-06,1.2433171272277832
2023-06-07,1.2428536415100098
2023-06-08,1.2445859909057617
2023-06-09,1.2559500932693481
2023-06-12,1.25809907913208
2023-06-13,1.2515331506729126
2023-06-14,1.2606843709945679
2023-06-15,1.26708984375
2023-06-16,1.278576135635376
2023-06-19,1.2830382585525513
2023-06-20,1.2794759273529053
2023-06-21,1.276535987854004
2023-06-22,1.2772045135498047
2023-06-23,1.2747135162353516
2023-06-26,1.2729610204696655
2023-06-27,1.2711971998214722
2023-06-28,1.2744698524475098
2023-06-29,1.2642544507980347
2023-06-30,1.2614636421203613
2023-07-03,1.2693254947662354
2023-07-04,1.269293189048767
2023-07-05,1.2717629671096802
2023-07-06,1.2704542875289917
2023-07-07,1.2742749452590942
2023-07-10,1.2838947772979736
2023-07-11,1.2864713668823242
2023-07-12,1.2934770584106445
2023-07-13,1.29962956905365
2023-07-14,1.3128528594970703
2023-07-17,1.3090204000473022
2023-07-18,1.307172417640686
2023-07-19,1.303508996963501
2023-07-20,1.2939791679382324
2023-07-21,1.2872332334518433
2023-07-24,1.2853471040725708
2023-07-25,1.281262755393982
2023-07-26,1.2893908023834229
2023-07-27,1.292724609375
2023-07-28,1.2793776988983154
2023-07-31,1.2853965759277344
2023-08-01,1.283400535583496
2023-08-02,1.2795741558074951
2023-08-03,1.2720379829406738
2023-08-04,1.2716336250305176
2023-08-07,1.2747948169708252
2023-08-08,1.2782002687454224
2023-08-09,1.2741613388061523
2023-08-10,1.2720056772232056
2023-08-11,1.2670094966888428
2023-08-14,1.2695027589797974
2023-08-15,1.2685203552246094
2023-08-16,1.2701315879821777
2023-08-17,1.2728151082992554
2023-08-18,1.275022268295288
2023-08-21,1.2741937637329102
2023-08-22,1.2760798931121826
2023-08-23,1.2731555700302124
2023-08-24,1.2720541954040527
2023-08-25,1.2592872381210327
2023-08-28,1.2589701414108276
2023-08-29,1.2611136436462402
2023-08-30,1.2636793851852417
2023-08-31,1.271179437637329
2023-09-01,1.2672826051712036
2023-09-04,1.2591445446014404
2023-09-05,1.2623074054718018
2023-09-06,1.2570552825927734
2023-09-07,1.2498750686645508
2023-09-08,1.2475050687789917
2023-09-11,1.2489992380142212
2023-09-12,1.2508755922317505
2023-09-13,1.2491724491119385
2023-09-14,1.248953938484192
2023-09-15,1.2401869297027588
2023-09-18,1.2397565841674805
2023-09-19,1.2383747100830078
2023-09-20,1.2393569946289062
2023-09-21,1.2328935861587524
2023-09-22,1.2294225692749023
2023-09-25,1.2241849899291992
2023-09-26,1.2213143110275269
2023-09-27,1.2146830558776855
2023-09-28,1.2135332822799683
2023-09-29,1.2204796075820923
2023-10-02,1.2193039655685425
2023-10-03,1.209116816520691
2023-10-04,1.2078461647033691
2023-10-05,1.2137395143508911
2023-10-06,1.2187690734863281
2023-10-09,1.222090482711792
2023-10-10,1.2250398397445679
2023-10-11,1.229135513305664
2023-10-12,1.2316333055496216
2023-10-13,1.2183235883712769
2023-10-16,1.215376853942871
2023-10-17,1.2211503982543945
2023-10-18,1.2178784608840942
2023-10-19,1.214343786239624
2023-10-20,1.2137248516082764
2023-10-23,1.2163970470428467
2023-10-24,1.2250248193740845
2023-10-25,1.216189980506897
2023-10-26,1.210345983505249
2023-10-27,1.213710069656372
2023-10-30,1.2113723754882812
2023-10-31,1.2165746688842773
2023-11-01,1.215214490890503
2023-11-02,1.2182197570800781
2023-11-03,1.2191851139068604
2023-11-06,1.237378716468811
2023-11-07,1.2345526218414307
2023-11-08,1.2291808128356934
2023-11-09,1.2285012006759644
2023-11-10,1.2217023372650146
2023-11-13,1.2228227853775024
2023-11-14,1.228063702583313
2023-11-15,1.2494533061981201
2023-11-16,1.2422360181808472
2023-11-17,1.2414957284927368
2023-11-20,1.2454540729522705
2023-11-21,1.2509069442749023
2023-11-22,1.2544218301773071
2023-11-23,1.2490007877349854
2023-11-24,1.2533526420593262
2023-11-27,1.2600330114364624
2023-11-28,1.2634397745132446
2023-11-29,1.2712295055389404
2023-11-30,1.2696397304534912
2023-12-01,1.2631685733795166
2023-12-04,1.2713103294372559
2023-12-05,1.2634079456329346
2023-12-06,1.2594457864761353
2023-12-07,1.2558711767196655
2023-12-08,1.258954405784607
2023-12-11,1.2554770708084106
2023-12-12,1.2554612159729004
2023-12-13,1.2570710182189941
2023-12-14,1.2622915506362915
2023-12-15,1.2771391868591309
2023-12-18,1.2672343254089355
2023-12-19,1.2651821374893188
2023-12-20,1.2732689380645752
2023-12-21,1.2641266584396362
2023-12-22,1.268499493598938
2023-12-25,1.2677003145217896
2023-12-26,1.27048659324646
2023-12-27,1.272718071937561
2023-12-28,1.2800819873809814
2023-12-29,1.2733986377716064
2024-01-01,1.272999882698059
2024-01-02,1.2728800773620605
2024-01-03,1.2623074054718018
2024-01-04,1.2674272060394287
2024-01-05,1.2684078216552734
2024-01-08,1.271779179573059
2024-01-09,1.274518609046936
2024-01-10,1.2712942361831665
2024-01-11,1.274518609046936
2024-01-12,1.2777756452560425
2024-01-15,1.273658275604248
2024-01-16,1.2716174125671387
2024-01-17,1.26385498046875
2024-01-18,1.2676842212677002
2024-01-19,1.2709871530532837
2024-01-22,1.2699863910675049
2024-01-23,1.2706964015960693
2024-01-24,1.269196629524231
2024-01-25,1.271876335144043
2024-01-26,1.270825743675232
2024-01-29,1.2697607278823853
2024-01-30,1.2713264226913452
2024-01-31,1.269551157951355
2024-02-01,1.2678449153900146
2024-02-02,1.27472984790802
2024-02-05,1.2621959447860718
2024-02-06,1.2534469366073608
2024-02-07,1.2606525421142578
2024-02-08,1.2627378702163696
2024-02-09,1.2620525360107422
2024-02-12,1.2637271881103516
2024-02-13,1.2627538442611694
2024-02-14,1.2590652704238892
2024-02-15,1.2568340301513672
2024-02-16,1.259921908378601
2024-02-19,1.2611136436462402
2024-02-20,1.2587641477584839
2024-02-21,1.2627378702163696
2024-02-22,1.2638070583343506
2024-02-23,1.266367793083191
2024-02-26,1.2672665119171143
2024-02-27,1.268455982208252
2024-02-28,1.268166422843933
2024-02-29,1.2663036584854126
2024-03-01,1.2625465393066406
2024-03-04,1.26603102684021
2024-03-05,1.269196629524231
2024-03-06,1.27048659324646
2024-03-07,1.2735446691513062
2024-03-08,1.2815583944320679
2024-03-11,1.2855123281478882
2024-03-12,1.2819806337356567
2024-03-13,1.2795906066894531
2024-03-14,1.2802129983901978
2024-03-15,1.2745835781097412
2024-03-18,1.2731393575668335
2024-03-19,1.272718071937561
2024-03-20,1.2719409465789795
2024-03-21,1.2798361778259277
2024-03-22,1.2661913633346558
2024-03-25,1.25979483127594
2024-03-26,1.2637910842895508
2024-03-27,1.2628495693206787
2024-03-28,1.261670470237732
2024-03-29,1.26262629032135
2024-04-01,1.2637271881103516
2024-04-02,1.2545477151870728
2024-04-03,1.2576876878738403
2024-04-04,1.2651821374893188
2024-04-05,1.26401948928833
2024-04-08,1.2625305652618408
2024-04-09,1.2658709287643433
2024-04-10,1.2677645683288574
2024-04-11,1.2537612915039062
2024-04-12,1.2554770708084106
2024-04-15,1.2461835145950317
2024-04-16,1.2447409629821777
2024-04-17,1.2431007623672485
2024-04-18,1.2453765869140625
2024-04-19,1.2437657117843628
2024-04-22,1.2375777959823608
2024-04-23,1.2350252866744995
2024-04-24,1.2453300952911377
2024-04-25,1.2459505796432495
2024-04-26,1.2509069442749023
2024-04-29,1.2510477304458618
2024-04-30,1.2559815645217896
2024-05-01,1.2490164041519165
2024-05-02,1.2539342641830444
2024-05-03,1.2540600299835205
2024-05-06,1.2541072368621826
2024-05-07,1.2559815645217896
2024-05-08,1.25014066696167
2024-05-09,1.2493284940719604
2024-05-10,1.2525677680969238
2024-05-13,1.2522854804992676
2024-05-14,1.2561867237091064
2024-05-15,1.2585265636444092
2024-05-16,1.2690032720565796
2024-05-17,1.2672007083892822
2024-05-20,1.2706480026245117
2024-05-21,1.2710840702056885
2024-05-22,1.2711325883865356
2024-05-23,1.2721028327941895
2024-05-24,1.2694060802459717
2024-05-27,1.2736095190048218
2024-05-28,1.2772371768951416
2024-05-29,1.275835633277893
2024-05-30,1.2697993516921997
2024-05-31,1.27304208278656
2024-06-03,1.2743724584579468
2024-06-04,1.2810165882110596
2024-06-05,1.2773023843765259
2024-06-06,1.2794759273529053
2024-06-07,1.2793285846710205
2024-06-10,1.2729448080062866
2024-06-11,1.2726370096206665
2024-06-12,1.274047613143921
2024-06-13,1.27962327003479
2024-06-14,1.2755101919174194
2024-06-17,1.2683112621307373
2024-06-18,1.2715997695922852
2024-06-19,1.2707449197769165
2024-06-20,1.2721998691558838
2024-06-21,1.2660471200942993
2024-06-24,1.2639029026031494
2024-06-25,1.268343448638916
2024-06-26,1.268399715423584
2024-06-27,1.262179970741272
2024-06-28,1.2645741701126099
2024-07-01,1.2648621797561646
2024-07-02,1.2645741701126099
2024-07-03,1.2690355777740479
2024-07-04,1.2747784852981567
2024-07-05,1.2755752801895142
2024-07-08,1.2806508541107178
2024-07-09,1.2815583944320679
2024-07-10,1.2787723541259766
2024-07-11,1.285264492034912
2024-07-12,1.292373776435852
2024-07-15,1.2966804504394531
2024-07-16,1.2970000505447388
2024-07-17,1.29776930809021
2024-07-18,1.3007453680038452
2024-07-19,1.2951691150665283
2024-07-22,1.2933096885681152
2024-07-23,1.2932428121566772
2024-07-24,1.2901561260223389
2024-07-25,1.289989709854126
2024-07-26,1.2856775522232056
2024-07-29,1.2868356704711914
2024-07-30,1.286041259765625
2024-07-31,1.2836971282958984
2024-08-01,1.2853139638900757
2024-08-02,1.27289617061615
2024-08-05,1.278788685798645
2024-08-06,1.2788705825805664
2024-08-07,1.2684721946716309
2024-08-08,1.2680377960205078
2024-08-09,1.2747459411621094
2024-08-12,1.2750385999679565
2024-08-13,1.2771228551864624
2024-08-14,1.2866700887680054
2024-08-15,1.2828736305236816
2024-08-16,1.2859420776367188
2024-08-19,1.294716238975525
2024-08-20,1.2990386486053467
2024-08-21,1.3035430908203125
2024-08-22,1.309346079826355
2024-08-23,1.3097747564315796
2024-08-26,1.3212658166885376
2024-08-27,1.3191741704940796
2024-08-28,1.3257501125335693
2024-08-29,1.3193656206130981
2024-08-30,1.3166210651397705
2024-09-02,1.3128528594970703
2024-09-03,1.314198613166809
2024-09-04,1.3114066123962402
2024-09-05,1.3144749402999878
2024-09-06,1.317748785018921
2024-09-09,1.3133355379104614
2024-09-10,1.307138204574585
2024-09-11,1.3080273866653442
2024-09-12,1.3039510250091553
2024-09-13,1.313232183456421
2024-09-16,1.3137997388839722
2024-09-17,1.3210737705230713
2024-09-18,1.3167423009872437
2024-09-19,1.3201146125793457
2024-09-20,1.328179955482483
2024-09-23,1.331398367881775
2024-09-24,1.3349887132644653
2024-09-25,1.3427324295043945
2024-09-26,1.3315792083740234
2024-09-27,1.341381549835205
2024-09-30,1.338329792022705
2024-10-01,1.3376137018203735
2024-10-02,1.327404260635376
2024-10-03,1.326611876487732
2024-10-04,1.3130252361297607
2024-10-07,1.3125253915786743
2024-10-08,1.3084723949432373
2024-10-09,1.309483289718628
2024-10-10,1.306830883026123
2024-10-11,1.3062163591384888
2024-10-14,1.3049037456512451
2024-10-15,1.3067454099655151
2024-10-16,1.3065917491912842
2024-10-17,1.29902184009552
2024-10-18,1.301574945449829
2024-10-21,1.3052616119384766
2024-10-22,1.298296570777893
2024-10-23,1.2982797622680664
2024-10-24,1.291372299194336
2024-10-25,1.2973365783691406
2024-10-28,1.295823574066162
2024-10-29,1.2974711656570435
2024-10-30,1.3014055490493774
2024-10-31,1.2959579229354858
2024-11-01,1.2897733449935913
2024-11-04,1.2953401803970337
2024-11-05,1.2954542636871338
2024-11-06,1.3043591976165771
2024-11-07,1.2883278131484985
2024-11-08,1.2982292175292969
2024-11-11,1.2917059659957886
2024-11-12,1.2874983549118042
2024-11-13,1.2739177942276
2024-11-14,1.27068030834198
2024-11-15,1.266784906387329
2024-11-18,1.261765956878662
2024-11-19,1.2679253816604614
2024-11-20,1.2694543600082397
2024-11-21,1.2655344009399414
2024-11-22,1.2584789991378784
2024-11-25,1.2593823671340942
2024-11-26,1.2533055543899536
2024-11-27,1.2573871612548828
2024-11-28,1.2677645683288574
2024-11-29,1.2696800231933594
2024-12-02,1.270163893699646
2024-12-03,1.265854835510254
2024-12-04,1.2674272060394287
2024-12-05,1.2701154947280884
2024-12-06,1.2759333848953247
2024-12-09,1.2749296426773071
2024-12-10,1.2749085426330566
2024-12-11,1.2780042886734009
2024-12-12,1.2766337394714355
2024-12-13,1.2677323818206787
2024-12-16,1.2627378702163696
2024-12-17,1.2690355777740479
2024-12-18,1.2710840702056885
2024-12-19,1.2567708492279053
2024-12-20,1.2497968673706055
2024-12-23,1.256991982460022
2024-12-24,1.2534469366073608
2024-12-25,1.2536041736602783
2024-12-26,1.254374623298645
2024-12-27,1.2529758214950562
2024-12-30,1.257880687713623
2024-12-31,1.254909873008728
2025-01-02,1.2519248723983765
2025-01-03,1.2380222082138062
2025-01-06,1.2426837682724
2025-01-07,1.2510946989059448
2025-01-08,1.247785210609436
2025-01-09,1.2359870672225952
2025-01-10,1.2299367189407349
2025-01-13,1.2204945087432861
2025-01-14,1.2233314514160156
2025-01-15,1.221344232559204
2025-01-16,1.2243348360061646
2025-01-17,1.2236906290054321
2025-01-20,1.2171002626419067
2025-01-21,1.233136773109436
2025-01-22,1.2335399389266968
2025-01-23,1.231420874595642
2025-01-24,1.2353914976119995
2025-01-27,1.2459352016448975
2025-01-28,1.2460592985153198
2025-01-29,1.2441680431365967
2025-01-30,1.245530128479004
2025-01-31,1.2423903942108154
2025-02-03,1.2291958332061768
2025-02-04,1.2431780099868774
2025-02-05,1.2478163242340088
2025-02-06,1.2504063844680786
2025-02-07,1.2437502145767212
2025-02-10,1.2391574382781982
2025-02-11,1.2360633611679077
2025-02-12,1.245159387588501
2025-02-13,1.2450664043426514
2025-02-14,1.2563445568084717
2025-02-17,1.2584155797958374
2025-02-18,1.262148141860962
2025-02-19,1.2625784873962402
2025-02-20,1.2584155797958374
2025-02-21,1.2670401334762573
2025-02-24,1.2649900913238525
2025-02-25,1.261781930923462
2025-02-26,1.2674431800842285
2025-02-27,1.2682307958602905
2025-02-28,1.259890079498291
2025-03-03,1.260398268699646
2025-03-04,1.270147681236267
2025-03-05,1.2794268131256104
2025-03-06,1.2891913652420044
2025-03-07,1.2885303497314453
2025-03-10,1.2932428121566772
2025-03-11,1.2875481843948364
2025-03-12,1.294481635093689
2025-03-13,1.2964283227920532
2025-03-14,1.2958402633666992
2025-03-17,1.2930588722229004
2025-03-18,1.2985326051712036
2025-03-19,1.3000519275665283
2025-03-20,1.3010668754577637
2025-03-21,1.2967981100082397
2025-03-24,1.2924572229385376
2025-03-25,1.2924238443374634
2025-03-26,1.2943308353424072
2025-03-27,1.2877637147903442
2025-03-28,1.295202612876892
2025-03-31,1.2938284873962402
2025-04-01,1.292089819908142
2025-04-02,1.292306900024414
2025-04-03,1.3046314716339111
2025-04-04,1.308866262435913
2025-04-07,1.2910722494125366
2025-04-08,1.2734960317611694
2025-04-09,1.2790995836257935
2025-04-10,1.2825446128845215
2025-04-11,1.2992074489593506
2025-04-14,1.3085237741470337
2025-04-15,1.3174536228179932
2025-04-16,1.323101282119751
2025-04-17,1.3233989477157593
2025-04-22,1.3379716873168945
2025-04-23,1.327316164970398
2025-04-24,1.326453447341919
2025-04-25,1.3326226472854614
2025-04-28,1.3290096521377563
2025-04-29,1.3436164855957031
2025-04-30,1.3410794734954834
2025-05-01,1.3323917388916016
2025-05-02,1.3286387920379639
2025-05-05,1.3271929025650024
2025-05-06,1.3292568922042847
2025-05-07,1.335594892501831
2025-05-08,1.3294159173965454
2025-05-09,1.323539137840271
2025-05-12,1.3289036750793457
2025-05-13,1.3177834749221802
2025-05-14,1.3304418325424194
2025-05-15,1.3263479471206665
2025-05-16,1.3306896686553955
2025-05-19,1.3305498361587524
2025-05-20,1.3360053300857544
2025-05-21,1.3397821187973022
2025-05-22,1.3419036865234375
2025-05-23,1.3419216871261597
2025-05-26,1.3535828590393066
2025-05-27,1.3565207719802856
2025-05-28,1.3513330221176147
2025-05-29,1.3431472778320312
2025-05-30,1.3498992919921875
2025-06-02,1.346728801727295
2025-06-03,1.3556748628616333
2025-06-04,1.353143334388733
2025-06-05,1.3552155494689941
2025-06-06,1.3579576015472412
2025-06-09,1.3538211584091187
2025-06-10,1.3556748628616333
2025-06-11,1.3508219718933105
2025-06-12,1.3567416667938232
2025-06-13,1.3627691268920898
2025-06-16,1.3557006120681763
2025-06-17,1.3565576076507568
2025-06-18,1.3430029153823853
2025-06-19,1.3416515588760376
2025-06-20,1.3476725816726685
2025-06-23,1.3435983657836914
2025-06-24,1.3545364141464233
2025-06-25,1.361488938331604
2025-06-26,1.369187831878662
2025-06-27,1.37247633934021
2025-06-30,1.3719680309295654
2025-07-01,1.3730605840682983
2025-07-02,1.374721646308899
2025-07-03,1.3650014400482178
2025-07-04,1.366829752922058
2025-07-07,1.3651504516601562
2025-07-08,1.3623607158660889
2025-07-09,1.3585295677185059
2025-07-10,1.3593051433563232
2025-07-11,1.3579576015472412
2025-07-14,1.3493820428848267
2025-07-15,1.3428045511245728
2025-07-16,1.3393335342407227
2025-07-17,1.3411099910736084
2025-07-18,1.3432555198669434
2025-07-21,1.341597557067871
2025-07-22,1.348945140838623
2025-07-23,1.352155327796936
2025-07-24,1.3579576015472412
2025-07-25,1.3510043621063232
2025-07-28,1.344085931777954
2025-07-29,1.336023211479187
2025-07-30,1.3353630304336548
2025-07-31,1.3257676362991333
2025-08-01,1.3209865093231201
2025-08-04,1.3289920091629028
2025-08-05,1.3297518491744995
2025-08-06,1.3299463987350464
2025-08-07,1.3357912302017212
2025-08-08,1.345152735710144
2025-08-11,1.3444474935531616
2025-08-12,1.3435261249542236
2025-08-13,1.3504207134246826
2025-08-14,1.3585295677185059
2025-08-15,1.3530701398849487
2025-08-18,1.3556381464004517
2025-08-19,1.3508219718933105
2025-08-20,1.348679542541504
2025-08-21,1.3466380834579468
2025-08-22,1.3419395685195923
2025-08-25,1.35111403465271
2025-08-26,1.3453518152236938
2025-08-27,1.3478723764419556
2025-08-28,1.3503841161727905
2025-08-29,1.35111403465271
2025-09-01,1.3503841161727905
2025-09-02,1.3547931909561157
2025-09-03,1.3383476734161377
2025-09-04,1.3441582918167114
2025-09-05,1.3444474935531616
2025-09-08,1.3492909669876099
2025-09-09,1.3553073406219482
2025-09-10,1.352109670639038
2025-09-11,1.3534730672836304
2025-09-12,1.3576626777648926
2025-09-15,1.3553440570831299
2025-09-16,1.3602666854858398
2025-09-17,1.365392804145813
2025-09-18,1.3629734516143799
2025-09-19,1.3556013107299805
2025-09-22,1.3464748859405518
2025-09-23,1.3514974117279053
2025-09-24,1.3524478673934937
2025-09-25,1.3452396392822266
2025-09-26,1.333653450012207
2025-09-29,1.3408241271972656
2025-09-30,1.3437248468399048
2025-10-01,1.3443390130996704
2025-10-02,1.3480178117752075
2025-10-03,1.3446643352508545
2025-10-06,1.3433817625045776
2025-10-07,1.3484903573989868
2025-10-08,1.3421016931533813
2025-10-09,1.3401411771774292
2025-10-10,1.3304948806762695
2025-10-13,1.3336178064346313
2025-10-14,1.3332622051239014
2025-10-15,1.3321610689163208
2025-10-16,1.3404465913772583
2025-10-17,1.3445558547973633
2025-10-20,1.342588186264038
2025-10-21,1.3405184745788574
2025-10-22,1.336523175239563
2025-10-23,1.3351848125457764
2025-10-24,1.332746982574463
2025-10-27,1.3322391510009766
2025-10-28,1.3341000080108643
2025-10-29,1.3279330730438232
2025-10-30,1.3195397853851318
2025-10-31,1.3159106969833374
2025-11-03,1.3134735822677612
2025-11-04,1.3135254383087158
2025-11-05,1.3021697998046875
2025-11-06,1.3052598237991333
2025-11-07,1.3140950202941895
2025-11-10,1.3142677545547485
2025-11-11,1.3172974586486816
2025-11-12,1.3152875900268555
2025-11-13,1.3127838373184204
2025-11-14,1.3152183294296265
2025-11-17,1.3160146474838257
2025-11-18,1.3156163692474365
2025-11-19,1.3147515058517456
2025-11-20,1.3061821460723877
2025-11-21,1.308489441871643
2025-11-24,1.3096375465393066
2025-11-25,1.3106160163879395
2025-11-26,1.315870761871338
2025-11-27,1.3244997262954712
2025-11-28,1.3241175413131714
2025-12-01,1.3239772319793701
2025-12-02,1.3209341764450073
2025-12-03,1.3219469785690308
2025-12-04,1.3348817825317383
2025-12-05,1.3321788311004639
2025-12-08,1.3324593305587769
2025-12-09,1.3326793909072876
2025-12-10,1.3303532600402832
2025-12-11,1.3388315439224243
2025-12-12,1.339046597480774
2025-12-15,1.3367732763290405
2025-12-16,1.3380612134933472
2025-12-17,1.342499852180481
2025-12-18,1.3374598026275635
2025-12-19,1.3385393619537354
2025-12-22,1.3377031087875366
2025-12-23,1.3469899892807007
2025-12-24,1.3513604402542114
2025-12-26,1.3508949279785156
2025-12-29,1.349727988243103
2025-12-30,1.3510993719100952
2025-12-31,1.346719741821289
2026-01-02,1.347363829612732
2026-01-05,1.3437970876693726
2026-01-06,1.3533997535705566
2026-01-07,1.3500559329986572
2026-01-08,1.3459312915802002
2026-01-09,1.3438005447387695
2026-01-12,1.3394231796264648
2026-01-13,1.3465656042099
2026-01-14,1.3426783084869385
2026-01-15,1.344266653060913
2026-01-16,1.3381328582763672
2026-01-19,1.3404287099838257
2026-01-20,1.3418315649032593
2026-01-21,1.344085931777954
2026-01-22,1.3419395685195923
2026-01-23,1.3501288890838623
2026-01-26,1.3662508726119995
2026-01-27,1.3677457571029663
2026-01-28,1.3824374675750732
2026-01-29,1.382533073425293
2026-01-30,1.380643367767334
2026-02-02,1.3679141998291016
2026-02-03,1.367315649986267
2026-02-04,1.3697504997253418
2026-02-05,1.3644611835479736
2026-02-06,1.3520822525024414
2026-02-09,1.3608959913253784
2026-02-10,1.368344783782959
2026-02-11,1.3634566068649292
2026-02-12,1.362399697303772
2026-02-13,1.3620266914367676
2026-02-16,1.3647778034210205
2026-02-17,1.3627691268920898
2026-02-18,1.3564472198486328
2026-02-19,1.349582314491272
2026-02-20,1.3461124897003174
2026-02-23,1.3533265590667725
2026-02-24,1.34969162940979
2026-02-25,1.3497462272644043
2026-02-26,1.3558034896850586
2026-02-27,1.3491452932357788
2026-03-02,1.3406623601913452
2026-03-03,1.3410578966140747
